{
  "control": [
    {
      "endtime": [
        0.0,
        0.0,
        7170.0
      ],
      "force": [
        0.0,
        0.0,
        -300000.0
      ],
      "starttime": [
        0.0,
        0.0,
        7158.0
      ]
    },
    {
      "endtime": [
        10050.0,
        0.0,
        0.0
      ],
      "force": [
        200000.0,
        0.0,
        0.0
      ],
      "starttime": [
        10000.0,
        0.0,
        0.0
      ]
    },
    {
      "endtime": [
        0.0,
        0.0,
        25200.0
      ],
      "force": [
        0.0,
        0.0,
        200000.0
      ],
      "starttime": [
        0.0,
        0.0,
        25000.0
      ]
    }
  ],
  "data": {
    "ode": 0,
    "step": 1,
    "time": 120000
  },
  "planets": [
    {
      "name": "Earth",
      "mass": 5.972e24,
      "radius": 6.378e6,
      "orbit": false,
      "position": [
        0.0,
        0.0,
        0.0
      ]
    },
    {
      "name": "Moon",
      "mass": 0.07346e24,
      "radius": 1.7381e6,
      "orbit": true,
      "start_angle" : 0.0,
      "orbit_radius": 3.85e8,
      "ang_velocity": 1.69646e-5,
      "orbit_pos": [ 0.0, 0.0 ]
    }
  ],
  "ship": {
    "fuel": 5000.0,
    "fuel_usage": 5.0,
    "mass": 10000.0,
    "name": "Sim4",
    "position": [
      12742000.0,
      0.0,
      0.0
    ],
    "velocity": [
      0.0,
      0.0,
      5592.27
    ]
  }
}
